100 	 50 
-0.066917 	0.100715 	0.130524 	0.006607 	-0.189770 	-0.249375 	0.012509 	-0.176678 	0.034959 	-0.148352 	-0.110687 	-0.014987 	-0.084985 	-0.058590 	0.035325 	-0.087499 	0.012290 	-0.077704 	0.135136 	-0.154320 	0.181036 	0.026455 	-0.056500 	-0.024582 	-0.218812 	-0.343560 	0.120784 	0.222426 	0.086167 	0.084852 	-0.022769 	-0.100813 	-0.175118 	-0.120710 	0.102090 	0.064003 	0.033763 	-0.001365 	0.252798 	0.344613 	-0.117572 	-0.119330 	0.296460 	0.027585 	-0.108488 	0.078945 	0.087623 	-0.200456 	0.089170 	-0.092499 	
-0.232133 	0.122266 	0.109543 	-0.051087 	-0.151985 	-0.163649 	-0.170195 	0.085066 	0.096762 	0.257656 	-0.158281 	-0.121969 	-0.062067 	0.196743 	0.116624 	-0.063528 	0.130363 	-0.057217 	-0.110710 	-0.031355 	0.129109 	0.022666 	-0.092216 	0.350272 	0.143705 	-0.216198 	0.000042 	-0.176500 	-0.100411 	-0.096068 	0.064359 	-0.146061 	0.187329 	0.128838 	-0.210440 	0.064314 	-0.110826 	-0.269198 	-0.106610 	-0.098710 	-0.013205 	0.084456 	-0.032593 	0.013678 	-0.077501 	0.014967 	0.265271 	0.069893 	-0.141821 	0.115127 	
-0.225490 	-0.120168 	-0.024453 	0.099542 	-0.140600 	-0.080815 	0.095958 	0.123790 	-0.296295 	0.168514 	0.142413 	-0.186618 	-0.166886 	0.024334 	-0.163588 	0.010328 	0.002637 	-0.220480 	-0.140837 	-0.086045 	-0.041274 	-0.280554 	0.045768 	0.202798 	-0.161576 	-0.257015 	-0.162141 	-0.182281 	-0.191264 	0.091432 	-0.126788 	-0.102339 	-0.123479 	0.185796 	-0.068267 	-0.027651 	-0.137446 	0.016660 	-0.210746 	0.021679 	0.092921 	0.084595 	-0.080665 	-0.024982 	0.180530 	-0.065563 	-0.199236 	-0.055054 	0.036977 	0.030951 	
-0.185784 	-0.251890 	-0.114120 	-0.035705 	0.405465 	0.005335 	-0.057983 	-0.026321 	0.047626 	-0.264042 	-0.103276 	0.337345 	-0.034389 	-0.163506 	0.031731 	0.219332 	-0.156929 	-0.175939 	0.144024 	-0.039050 	-0.021939 	-0.081471 	0.036728 	-0.001734 	0.155244 	0.046632 	-0.098172 	-0.081999 	0.202836 	0.238724 	0.040231 	-0.027823 	0.129943 	-0.085327 	-0.106499 	-0.023594 	0.083695 	-0.044111 	0.014314 	-0.037507 	-0.255257 	-0.217115 	-0.160652 	-0.047840 	0.108482 	0.048060 	0.071366 	-0.081223 	0.005890 	-0.058858 	
0.026706 	-0.125467 	-0.107984 	0.095054 	-0.009483 	-0.053578 	-0.142269 	0.102059 	-0.113307 	-0.318384 	-0.192983 	0.029909 	-0.200956 	-0.000138 	0.126040 	0.211312 	-0.268219 	0.031500 	0.072688 	-0.018309 	-0.183521 	0.084687 	0.015222 	-0.035467 	0.244025 	-0.086201 	-0.216115 	-0.155060 	-0.221127 	-0.096147 	-0.016809 	0.021005 	-0.114155 	0.159136 	-0.057845 	-0.003488 	0.113738 	0.017129 	0.231083 	-0.054796 	-0.174178 	-0.068178 	-0.311658 	-0.125600 	0.182613 	-0.031141 	0.057110 	0.120943 	-0.211764 	0.046805 	
0.083171 	0.320461 	0.171493 	-0.165753 	0.152518 	0.111634 	-0.315089 	-0.115990 	0.070774 	-0.155595 	-0.254047 	0.099303 	-0.197497 	-0.207197 	-0.073276 	0.064974 	0.071888 	-0.076959 	-0.005015 	-0.111299 	-0.034817 	-0.101074 	-0.067115 	-0.063392 	0.127648 	0.004025 	-0.103702 	-0.096571 	0.168144 	0.217795 	-0.132596 	-0.055977 	-0.045941 	0.212680 	-0.032094 	-0.017080 	0.165663 	0.024705 	0.038936 	-0.049155 	-0.112342 	0.015078 	0.117044 	0.198293 	-0.007325 	-0.229234 	0.023933 	-0.027632 	0.173893 	-0.287984 	
0.108234 	-0.024343 	0.019956 	-0.153583 	0.070032 	0.145319 	0.157606 	-0.094237 	-0.012332 	0.182345 	0.029351 	-0.177704 	0.079061 	-0.149256 	0.177833 	0.264095 	0.161368 	-0.083495 	-0.062659 	-0.067466 	-0.109189 	-0.187409 	0.120268 	-0.003333 	-0.098347 	0.026376 	0.115377 	-0.300554 	-0.013913 	0.033943 	0.111314 	0.134182 	-0.093506 	-0.080839 	-0.517840 	0.043712 	-0.071580 	-0.123704 	-0.063566 	-0.085608 	0.063584 	0.153212 	-0.130168 	0.058831 	0.183386 	0.077245 	-0.015515 	0.144292 	0.181771 	0.026423 	
0.042857 	-0.156564 	0.014821 	-0.290092 	-0.021995 	0.064861 	0.117117 	0.176092 	0.070859 	-0.041436 	-0.083956 	-0.145495 	0.166492 	-0.079327 	-0.099481 	-0.230731 	0.009363 	0.073866 	-0.009666 	-0.103464 	0.121147 	0.080942 	-0.041923 	-0.214101 	0.351769 	-0.115592 	0.040808 	0.175704 	-0.064302 	0.214547 	0.037261 	-0.060865 	0.038662 	0.256577 	-0.143335 	0.128328 	0.249691 	0.165916 	0.008032 	0.034382 	0.049433 	0.180271 	0.127295 	0.146696 	0.100633 	0.155848 	-0.062251 	0.250602 	-0.167518 	0.020443 	
-0.185164 	-0.078244 	-0.204732 	0.015868 	-0.021547 	-0.044848 	-0.213586 	-0.086321 	-0.061955 	-0.097305 	0.083424 	-0.170736 	-0.008811 	0.054489 	-0.138758 	-0.124843 	-0.039574 	-0.058766 	0.118956 	-0.060703 	-0.155346 	0.023270 	-0.220794 	-0.265101 	0.206926 	-0.179600 	-0.387631 	-0.041157 	0.190010 	-0.074652 	-0.170203 	0.036145 	-0.010670 	0.005820 	0.092559 	0.097778 	-0.042949 	-0.214366 	0.043789 	-0.043021 	-0.183562 	-0.099355 	0.043423 	-0.150571 	-0.010986 	0.051456 	0.065464 	0.217817 	-0.059868 	-0.336145 	
-0.169677 	0.068053 	0.148648 	-0.007675 	0.088251 	-0.148221 	-0.123805 	0.065154 	-0.097371 	0.047396 	-0.135492 	0.181831 	0.058969 	-0.012335 	-0.083976 	0.153082 	0.113556 	-0.003237 	-0.002487 	-0.050982 	-0.021370 	-0.208324 	-0.178143 	0.088478 	0.003755 	0.342552 	-0.161036 	-0.026070 	-0.104814 	0.280269 	-0.053943 	-0.290399 	0.007062 	-0.034391 	0.133325 	0.167052 	0.032401 	-0.062319 	-0.117646 	-0.094657 	-0.209484 	0.135916 	-0.094073 	-0.173185 	-0.159946 	0.353746 	0.023415 	-0.124618 	0.051843 	0.181165 	
-0.033416 	0.093989 	-0.147901 	0.022330 	0.015559 	0.083619 	0.052723 	0.208893 	0.279692 	-0.142120 	0.052094 	-0.073695 	0.156962 	0.131908 	-0.061488 	0.110717 	0.204585 	-0.119495 	0.131440 	-0.048918 	-0.157735 	0.095772 	-0.259267 	-0.185170 	-0.073859 	0.088921 	-0.138469 	-0.112544 	0.101509 	0.055543 	0.041817 	0.054385 	0.295247 	-0.181009 	0.245409 	0.058037 	-0.170706 	0.114055 	-0.021233 	0.151452 	0.016926 	-0.045298 	0.081322 	-0.099885 	0.090169 	-0.251061 	0.052188 	0.301474 	-0.019206 	-0.203917 	
-0.191740 	-0.143612 	0.197274 	0.063559 	-0.034045 	-0.174298 	-0.249061 	0.188068 	0.064264 	0.175665 	0.123703 	0.221046 	-0.000830 	0.125478 	0.001172 	0.056919 	0.031243 	-0.306674 	-0.054936 	-0.089019 	-0.197661 	-0.090646 	0.046797 	-0.153489 	-0.070133 	0.168735 	0.001247 	-0.008595 	0.121841 	0.040010 	-0.236475 	0.041797 	-0.276780 	-0.092564 	-0.180398 	-0.140333 	0.300668 	0.033161 	0.105535 	0.113817 	0.017950 	-0.157211 	0.112536 	-0.029024 	-0.045691 	-0.062412 	-0.110642 	0.102343 	-0.191313 	0.095632 	
-0.023074 	0.069749 	-0.238841 	0.077132 	-0.084777 	0.085274 	0.190222 	-0.002201 	-0.348073 	-0.033715 	-0.073230 	-0.122925 	0.024337 	-0.130718 	-0.048351 	-0.079885 	-0.272639 	-0.236151 	-0.067020 	-0.209034 	0.052145 	0.147909 	0.075517 	0.087918 	0.036003 	0.038221 	-0.171031 	0.100402 	0.007050 	-0.172300 	-0.095355 	-0.054641 	-0.044241 	-0.224123 	-0.180037 	-0.000293 	0.307096 	-0.106827 	-0.070002 	0.260399 	0.252051 	0.061997 	-0.057502 	-0.136008 	-0.125595 	-0.012544 	-0.186088 	-0.010533 	0.082431 	-0.043631 	
-0.082688 	-0.067436 	0.143617 	-0.065396 	-0.115196 	0.058479 	0.407713 	0.231326 	-0.039325 	0.024478 	0.235680 	0.047018 	0.140662 	0.026075 	0.353233 	0.027291 	0.102995 	0.084719 	-0.397241 	0.006912 	-0.120359 	0.052217 	-0.221111 	-0.087502 	0.213020 	-0.002202 	0.080866 	-0.127206 	-0.117679 	0.127280 	0.027640 	-0.085104 	-0.034245 	-0.027539 	-0.170440 	-0.050677 	-0.094008 	-0.051274 	-0.060262 	0.026256 	-0.043373 	0.071104 	-0.078370 	0.152534 	0.106383 	-0.112226 	-0.148801 	0.084445 	0.149065 	-0.068975 	
0.096942 	0.297100 	-0.042140 	0.042024 	0.221865 	-0.068437 	0.088576 	0.012784 	-0.014626 	-0.129345 	-0.276923 	0.142373 	0.111703 	-0.115100 	-0.126264 	0.074274 	0.070959 	0.148692 	0.117256 	0.131583 	0.093027 	0.029407 	-0.161321 	0.142424 	0.086021 	-0.053223 	0.062141 	0.001123 	0.042687 	0.208963 	0.032052 	-0.052769 	-0.189757 	0.315572 	-0.093933 	0.201774 	0.132622 	0.259327 	-0.222132 	-0.054001 	-0.119855 	-0.033817 	-0.112837 	0.096842 	0.026042 	0.337782 	-0.106408 	-0.056901 	0.019096 	-0.093877 	
-0.026352 	0.017500 	0.203176 	0.009095 	0.053144 	0.012665 	0.093203 	0.054089 	-0.181851 	0.073178 	0.208494 	0.281928 	0.026464 	0.100252 	0.045143 	0.238312 	-0.007909 	0.081413 	0.213143 	-0.157909 	-0.154720 	-0.025225 	0.110800 	0.044354 	-0.067590 	-0.302275 	-0.063314 	0.169499 	0.075321 	-0.093125 	0.041475 	-0.177965 	-0.138946 	0.016163 	0.160947 	0.114776 	-0.314091 	0.015538 	0.154347 	-0.245214 	-0.107043 	0.112532 	-0.157007 	-0.214272 	0.137470 	-0.029533 	0.012205 	0.004148 	0.245548 	-0.058175 	
-0.054174 	-0.030241 	0.259808 	-0.032701 	0.021799 	-0.026756 	-0.141773 	-0.018050 	-0.002290 	0.171686 	0.162618 	-0.119759 	-0.014903 	-0.284131 	0.112315 	0.306792 	-0.084258 	-0.250286 	-0.117588 	0.039935 	-0.095427 	0.084695 	-0.058766 	-0.285424 	-0.068078 	-0.043186 	-0.151500 	-0.086444 	-0.112679 	-0.119108 	-0.064023 	0.035195 	-0.015836 	-0.079600 	0.050554 	-0.261424 	0.030975 	-0.212493 	0.090269 	-0.147711 	0.226314 	-0.153564 	0.102203 	-0.222970 	-0.110521 	0.121728 	-0.135812 	0.019208 	-0.175747 	-0.165042 	
-0.063846 	-0.008080 	0.078471 	0.110512 	0.226756 	-0.058446 	0.170905 	0.019774 	-0.090169 	-0.012814 	0.046789 	0.035028 	-0.060007 	-0.024967 	-0.147674 	-0.053388 	-0.007247 	-0.278091 	0.100875 	0.013537 	0.004145 	-0.057003 	-0.059447 	0.097485 	0.318786 	0.055109 	-0.110116 	-0.083662 	-0.249212 	0.013800 	0.064809 	-0.388262 	-0.036559 	0.048053 	0.056446 	-0.121125 	0.126476 	0.092291 	-0.281210 	0.020427 	-0.204633 	-0.040401 	0.092944 	-0.393840 	0.066996 	0.203487 	-0.014807 	0.024255 	-0.121822 	-0.114318 	
0.153491 	0.065663 	0.276783 	0.078682 	-0.131637 	0.029184 	0.232138 	0.091541 	0.172078 	-0.209218 	0.161672 	-0.077874 	-0.236148 	-0.162080 	-0.182668 	-0.033309 	0.107776 	0.293327 	0.101359 	-0.077319 	0.045400 	0.086321 	0.243391 	0.114288 	-0.157387 	-0.163366 	-0.104218 	-0.104476 	-0.023086 	0.193111 	-0.058818 	0.099779 	0.087493 	0.057121 	0.002624 	-0.140089 	0.009623 	-0.154466 	0.158476 	-0.133600 	0.034788 	0.125448 	0.149393 	-0.021486 	0.027909 	-0.132300 	0.133175 	-0.277215 	-0.086528 	-0.095077 	
0.112679 	0.028984 	0.134763 	0.019011 	0.094586 	0.130945 	0.044193 	0.062673 	0.037658 	-0.166538 	-0.044719 	0.053833 	0.101599 	0.170672 	-0.449225 	0.013467 	-0.083699 	-0.084661 	0.042181 	-0.273912 	0.020019 	-0.158989 	0.145607 	0.199456 	-0.111427 	0.010508 	-0.067389 	-0.130385 	0.026962 	0.106609 	0.087767 	0.078932 	0.162007 	0.025619 	0.002226 	0.027509 	-0.007683 	0.028120 	-0.199708 	0.342360 	-0.026219 	0.016825 	-0.094102 	-0.162649 	-0.301215 	0.177452 	-0.047252 	-0.193397 	0.160893 	0.114525 	
0.129553 	0.076610 	-0.019483 	-0.404608 	0.093788 	-0.014979 	0.129388 	0.037395 	0.025400 	0.035613 	-0.227338 	-0.096145 	0.122641 	0.144404 	-0.056060 	0.002350 	0.162252 	0.410865 	-0.231704 	0.098196 	-0.239637 	-0.168676 	-0.032137 	0.217059 	0.141065 	0.050289 	-0.014007 	-0.020098 	-0.027095 	-0.122683 	-0.170147 	-0.015019 	0.040435 	0.005465 	-0.112975 	0.030623 	-0.125433 	-0.057916 	0.135277 	-0.038873 	-0.148243 	0.102170 	-0.081160 	0.034282 	0.055123 	0.153501 	0.060476 	0.077752 	0.258212 	-0.162233 	
-0.023539 	-0.051403 	0.165711 	-0.109331 	-0.158834 	-0.045985 	0.283804 	-0.123317 	-0.024008 	-0.041473 	0.068976 	0.037448 	0.044384 	-0.152369 	0.068176 	-0.361493 	0.148221 	0.067943 	0.122634 	-0.117674 	-0.322297 	-0.060899 	-0.071890 	-0.063984 	-0.021896 	-0.005494 	0.161343 	0.015693 	0.104659 	0.139959 	0.249956 	0.061681 	-0.122890 	-0.146071 	0.044819 	0.101078 	-0.066931 	-0.051832 	0.045763 	0.241639 	-0.105815 	0.105737 	-0.335515 	0.056457 	-0.122995 	-0.280223 	-0.025606 	-0.143546 	-0.000437 	0.005844 	
-0.058753 	0.130477 	-0.110151 	-0.078886 	0.102193 	-0.020158 	-0.073149 	-0.224795 	-0.060922 	0.181532 	-0.161948 	-0.115635 	0.013447 	0.037120 	0.218647 	-0.179783 	0.004009 	0.287836 	0.198607 	-0.165228 	0.160579 	-0.032939 	-0.192312 	-0.015441 	0.171767 	-0.122260 	0.139413 	-0.183141 	0.047740 	0.026305 	-0.083436 	-0.082503 	0.069620 	-0.086615 	-0.187627 	0.166717 	-0.073795 	0.007694 	0.159760 	-0.137768 	0.298740 	-0.261909 	-0.104294 	0.240703 	0.053763 	0.088626 	0.172888 	0.092098 	0.076800 	0.039801 	
-0.270159 	0.248685 	-0.057182 	0.179437 	0.183278 	-0.053243 	-0.024019 	-0.124364 	-0.023069 	-0.202578 	-0.108667 	-0.059567 	-0.121407 	0.065480 	-0.098610 	-0.077873 	0.053581 	-0.042473 	-0.046955 	0.070164 	-0.183178 	0.143783 	-0.070160 	-0.123808 	-0.159267 	0.096693 	0.042285 	0.091361 	-0.284481 	-0.085981 	-0.081224 	-0.052310 	-0.242983 	0.199995 	0.150065 	0.017339 	0.027594 	-0.020236 	-0.177304 	0.304722 	-0.158254 	0.155038 	-0.024715 	-0.004594 	0.207014 	0.093000 	-0.231878 	-0.037316 	-0.028425 	-0.228466 	
-0.256511 	0.035933 	0.119119 	0.038775 	-0.092259 	0.076419 	0.036414 	0.089078 	-0.256026 	0.100534 	0.032369 	0.071577 	-0.112672 	-0.074986 	0.004743 	-0.269174 	0.030138 	0.026430 	-0.151499 	-0.008402 	-0.147468 	0.108415 	0.004217 	-0.129838 	-0.129792 	-0.179723 	-0.071110 	0.007918 	-0.132979 	0.215461 	-0.094197 	0.141536 	-0.079468 	-0.001177 	-0.143531 	0.044926 	0.379211 	0.212333 	0.005089 	0.153317 	-0.066933 	0.101209 	-0.186826 	0.061714 	-0.099326 	-0.180632 	0.251542 	0.151672 	-0.186644 	0.200756 	
0.047545 	-0.056647 	0.141849 	0.093872 	0.020013 	0.120426 	0.044498 	-0.107147 	-0.052442 	0.042789 	0.003064 	-0.097961 	0.030356 	-0.018228 	-0.162391 	0.052453 	0.082957 	0.004969 	0.245170 	-0.168950 	-0.177071 	0.004781 	0.054977 	0.031952 	-0.215105 	0.145091 	0.259481 	-0.256151 	0.012216 	0.027729 	-0.163570 	-0.086802 	0.144558 	0.058313 	-0.203407 	-0.240687 	-0.179963 	-0.355169 	-0.067626 	-0.071046 	-0.025113 	-0.123522 	0.211956 	-0.000533 	0.193340 	0.190060 	0.038694 	0.069489 	-0.042986 	-0.303272 	
-0.060049 	-0.153482 	-0.171245 	-0.040531 	-0.090479 	0.144518 	-0.009714 	-0.063822 	0.118807 	0.135468 	0.076002 	-0.173944 	-0.198946 	-0.169469 	-0.038883 	-0.055395 	-0.190435 	-0.039586 	0.180453 	0.036166 	-0.071715 	-0.254501 	-0.085766 	-0.156694 	-0.254481 	0.117190 	0.048360 	0.113292 	0.163074 	0.026148 	0.168475 	0.075648 	0.011334 	0.001801 	-0.210613 	-0.076873 	-0.282986 	-0.062772 	-0.022770 	0.011069 	0.304659 	-0.129607 	0.110331 	-0.054878 	0.101545 	0.108556 	-0.071896 	0.068974 	0.383125 	-0.002354 	
-0.139142 	-0.034577 	0.051437 	0.249360 	-0.100918 	-0.133561 	-0.012688 	-0.117474 	-0.184692 	-0.238883 	0.171947 	0.079504 	-0.137386 	-0.016824 	0.072386 	0.027190 	-0.057900 	0.168241 	0.064873 	-0.277426 	0.070692 	0.052688 	0.254174 	-0.040830 	0.010873 	-0.052715 	0.138823 	0.093698 	-0.160326 	-0.090089 	-0.138993 	-0.082528 	-0.298835 	-0.068313 	-0.169231 	-0.016062 	0.113359 	-0.133709 	-0.177303 	-0.097195 	-0.160316 	-0.080314 	0.125977 	-0.109548 	-0.249523 	0.060954 	-0.111680 	0.235927 	0.094254 	-0.212517 	
0.071728 	0.161923 	-0.313264 	0.210884 	0.009181 	0.160708 	-0.096991 	-0.056625 	0.202090 	-0.142264 	0.253684 	0.037658 	0.185420 	0.208368 	-0.155590 	-0.067263 	0.125216 	-0.037601 	-0.114522 	0.119352 	0.013870 	0.027360 	-0.119551 	-0.083657 	-0.129402 	-0.388648 	0.187280 	0.045542 	0.017557 	0.216181 	-0.040658 	-0.131501 	-0.071281 	0.063937 	-0.091931 	0.115316 	-0.021608 	-0.268898 	-0.003256 	-0.160637 	-0.050601 	0.087496 	-0.096452 	-0.210326 	-0.099921 	-0.037462 	-0.007871 	0.082757 	-0.070162 	0.005049 	
-0.057042 	0.008999 	0.083474 	-0.050313 	0.060996 	-0.048033 	-0.244076 	-0.243933 	0.073411 	0.142265 	-0.039041 	-0.363683 	0.085451 	-0.167097 	-0.143533 	0.169972 	-0.211698 	-0.046849 	0.044498 	0.037808 	0.120209 	-0.159429 	0.002059 	0.001046 	0.330102 	0.054069 	0.083321 	0.081610 	-0.026250 	-0.073650 	0.022942 	0.093584 	-0.005633 	-0.120969 	-0.049328 	0.108862 	0.236024 	-0.127623 	0.151476 	-0.196305 	0.238667 	-0.161915 	-0.023032 	0.216921 	-0.099318 	0.134856 	-0.135915 	0.044180 	0.203138 	-0.061767 	
0.007968 	0.138241 	-0.242945 	0.108091 	-0.008567 	0.200898 	-0.055706 	0.095215 	-0.039769 	-0.123975 	-0.149345 	0.121862 	0.077824 	0.256027 	-0.311240 	0.036723 	-0.056663 	0.109141 	0.028224 	-0.022032 	-0.015165 	0.007665 	-0.088656 	0.114199 	-0.308504 	0.221846 	-0.172908 	-0.155068 	0.089700 	-0.274113 	0.105252 	0.174897 	0.038209 	-0.188215 	-0.141916 	-0.081140 	0.095657 	-0.114569 	-0.026097 	0.154539 	-0.054865 	-0.114642 	-0.009712 	-0.049852 	-0.128636 	0.310811 	0.081879 	0.122330 	0.063865 	-0.068762 	
-0.109116 	-0.141085 	-0.060408 	-0.015996 	0.312885 	0.198669 	-0.127182 	0.150199 	0.030643 	0.189867 	0.096913 	0.070082 	-0.013128 	-0.071702 	-0.020637 	0.063733 	0.145834 	-0.038111 	-0.187757 	-0.114846 	0.197111 	-0.052539 	0.109411 	-0.405117 	0.087257 	-0.118675 	-0.025454 	-0.058154 	0.070605 	-0.083176 	0.293342 	0.153131 	0.005862 	0.097230 	-0.261404 	-0.246918 	-0.137014 	-0.063453 	0.109218 	0.195508 	0.083166 	0.138275 	-0.063103 	-0.003235 	-0.006392 	0.118387 	-0.073198 	-0.030274 	0.126608 	-0.113860 	
0.095577 	-0.307848 	0.136896 	-0.164442 	-0.036403 	-0.211527 	-0.158387 	-0.328130 	0.039300 	0.012016 	0.011953 	0.117289 	-0.154320 	0.131166 	0.159155 	-0.237125 	0.016645 	-0.277869 	-0.136446 	0.024807 	0.160150 	-0.022859 	0.063222 	0.086679 	0.053060 	0.214743 	0.012039 	-0.053773 	0.109962 	-0.211422 	0.010465 	-0.109786 	0.111591 	-0.036285 	-0.170404 	-0.046792 	-0.180035 	0.057329 	-0.022377 	-0.082472 	-0.005296 	-0.149812 	-0.180948 	0.143517 	0.149525 	-0.002231 	-0.004203 	0.199851 	-0.223086 	0.045867 	
-0.201867 	0.164072 	0.006766 	-0.094941 	0.184571 	-0.033297 	-0.051385 	0.236976 	0.158262 	0.111301 	-0.101561 	0.022564 	-0.222051 	-0.172428 	-0.201539 	-0.000788 	-0.013504 	-0.126029 	-0.394325 	0.095707 	-0.007407 	-0.113292 	-0.224532 	0.090581 	0.090600 	0.054503 	-0.002988 	0.100387 	0.041628 	-0.038057 	-0.148513 	0.253683 	0.012459 	-0.062542 	-0.177276 	-0.009864 	0.084480 	-0.145344 	-0.030799 	-0.106840 	0.002742 	-0.327043 	0.032701 	-0.145942 	0.111261 	0.038903 	-0.085569 	-0.246870 	-0.085271 	-0.057599 	
-0.011599 	0.129302 	0.004997 	-0.093115 	-0.207161 	0.117049 	0.288492 	-0.121778 	-0.147995 	0.221330 	0.055929 	-0.078939 	-0.131237 	-0.059558 	0.107204 	-0.060307 	0.151319 	0.016950 	-0.021983 	-0.126791 	-0.090786 	0.030313 	0.193894 	-0.060169 	-0.017489 	-0.245417 	-0.001704 	0.044063 	-0.121552 	0.230327 	0.356238 	0.070503 	0.072293 	0.147633 	0.108608 	-0.087160 	0.131293 	-0.030325 	-0.001140 	0.226591 	-0.151180 	-0.269837 	0.016675 	-0.099896 	-0.037754 	-0.054768 	0.016652 	-0.349758 	-0.012927 	-0.047813 	
-0.134860 	-0.062145 	0.155203 	0.065566 	0.170300 	0.004795 	0.135272 	0.152062 	-0.073359 	0.059922 	-0.118274 	-0.063728 	-0.267036 	-0.027110 	0.120663 	0.023782 	-0.251197 	-0.161234 	0.107260 	0.132234 	-0.047525 	0.079978 	0.118837 	0.210846 	0.012452 	0.137213 	0.082098 	-0.083927 	-0.226854 	-0.038102 	-0.066505 	0.097816 	0.332129 	0.161166 	-0.151925 	0.061167 	-0.089699 	-0.094210 	-0.015950 	0.005822 	-0.310484 	-0.036736 	0.035065 	0.240943 	-0.069627 	0.221601 	0.033271 	0.134452 	0.222510 	0.141195 	
0.112006 	0.111895 	-0.165602 	-0.052565 	-0.141709 	0.057965 	-0.451272 	-0.333744 	-0.010649 	-0.162312 	-0.069810 	0.049733 	0.045448 	-0.027157 	-0.003757 	-0.176266 	0.176743 	0.075492 	0.049181 	-0.112317 	-0.081584 	-0.090144 	0.086016 	-0.256415 	-0.052412 	0.153588 	-0.224443 	-0.064338 	-0.082327 	0.094818 	-0.099166 	0.064672 	0.184073 	-0.092780 	0.202714 	-0.042956 	0.083374 	0.094496 	0.096124 	-0.081760 	0.095322 	0.102452 	0.179682 	-0.047550 	0.176635 	0.111020 	-0.054783 	0.173005 	0.015278 	0.199981 	
0.016944 	0.099833 	-0.044797 	-0.332436 	-0.069471 	-0.210096 	-0.072363 	0.264964 	-0.100640 	-0.142496 	0.061549 	-0.129554 	-0.201113 	-0.314915 	-0.015779 	-0.257102 	-0.141348 	-0.213291 	-0.135588 	0.062620 	0.042343 	0.077988 	-0.235388 	-0.046545 	-0.080687 	-0.020605 	-0.230528 	0.061601 	0.104576 	0.216806 	-0.162291 	-0.066694 	-0.072137 	-0.007754 	-0.025871 	-0.123942 	0.129599 	0.239737 	-0.007871 	0.096278 	0.191421 	-0.032907 	0.015919 	0.012551 	-0.016707 	0.039095 	0.159100 	-0.015673 	-0.097851 	0.100216 	
0.176538 	0.294961 	0.182133 	0.021035 	0.060678 	0.029387 	-0.132292 	-0.225612 	0.045968 	0.151741 	0.302423 	0.129816 	0.101508 	0.008553 	0.016856 	0.019785 	0.133697 	0.163942 	-0.115403 	0.102503 	0.068646 	-0.094202 	0.104459 	-0.087311 	0.048363 	-0.216131 	0.069048 	-0.350216 	0.207969 	0.003220 	-0.277620 	-0.153449 	-0.046137 	-0.151323 	-0.037423 	0.089442 	-0.121647 	-0.178599 	0.000100 	-0.063517 	0.066505 	-0.061133 	-0.066024 	-0.072077 	-0.001421 	0.126893 	-0.286784 	-0.084412 	-0.016750 	-0.033020 	
0.095633 	0.326943 	-0.002134 	0.029320 	0.141587 	0.198846 	0.038708 	0.049448 	0.021671 	0.086933 	-0.097458 	0.175223 	-0.267837 	0.362506 	-0.096099 	-0.047404 	-0.034802 	0.070566 	0.238283 	-0.139721 	0.116188 	-0.050441 	-0.216287 	0.158136 	-0.122879 	-0.156081 	-0.072878 	0.072987 	0.263029 	-0.048641 	0.026181 	0.206575 	-0.087727 	-0.234298 	0.115069 	-0.059337 	-0.064128 	-0.041885 	0.032485 	0.223755 	0.013080 	-0.004556 	-0.043652 	0.023605 	-0.026362 	-0.042270 	0.191676 	-0.139980 	-0.137584 	0.068106 	
-0.069427 	0.020715 	-0.173323 	0.021126 	0.047417 	0.073855 	-0.110712 	0.123927 	0.261831 	-0.073218 	0.329031 	0.009253 	-0.010042 	0.080103 	0.030268 	0.046229 	0.073504 	0.090411 	0.115915 	0.003023 	0.031246 	0.480998 	-0.171210 	-0.066922 	-0.029830 	0.136567 	0.221660 	0.033434 	0.061206 	-0.038443 	-0.004176 	0.042381 	0.013451 	-0.042364 	-0.066344 	0.271625 	0.084511 	0.103693 	0.017717 	0.012596 	-0.003821 	-0.259531 	0.329347 	-0.015712 	-0.002851 	0.025643 	0.238181 	-0.161900 	0.035952 	-0.087305 	
-0.011709 	-0.000298 	-0.035818 	-0.008234 	0.118336 	0.088943 	-0.042307 	-0.081059 	-0.004694 	0.029724 	-0.188423 	0.061280 	-0.105749 	0.218679 	0.293227 	0.286101 	-0.030882 	-0.125382 	0.178529 	-0.008296 	0.253033 	0.294578 	-0.023616 	-0.276486 	0.044474 	-0.193314 	-0.200374 	0.096425 	0.012814 	-0.026827 	0.220408 	-0.055100 	0.124360 	-0.160739 	-0.037598 	0.221951 	0.057028 	-0.212620 	-0.006498 	-0.021166 	-0.179580 	-0.057592 	0.041114 	0.114126 	-0.237918 	-0.158841 	0.008144 	0.078191 	0.013169 	-0.064191 	
0.061009 	0.027316 	0.212868 	0.222171 	0.002321 	-0.223212 	0.004351 	0.161588 	-0.013587 	-0.175675 	0.147914 	0.177015 	0.094135 	-0.024076 	-0.004427 	-0.061963 	0.192106 	-0.050121 	-0.100683 	0.024356 	0.025006 	-0.057337 	-0.104936 	-0.101914 	0.114983 	-0.107663 	-0.182988 	0.320209 	-0.133972 	0.337453 	-0.090013 	0.000282 	0.195016 	0.157162 	0.173186 	-0.110722 	-0.123735 	0.265020 	0.162819 	-0.059843 	0.106952 	-0.099822 	-0.123627 	0.101374 	0.150356 	-0.131035 	0.056995 	0.057594 	0.071404 	-0.179165 	
0.067124 	-0.240853 	-0.077872 	-0.137863 	-0.043966 	0.067079 	-0.150575 	0.212125 	0.042469 	0.103490 	-0.381347 	-0.119768 	0.131632 	-0.134951 	0.061614 	-0.074262 	-0.070526 	0.107656 	0.051717 	-0.118887 	0.087716 	0.112012 	0.178196 	0.159910 	-0.020932 	0.128850 	-0.012978 	0.022321 	0.019394 	-0.120871 	0.071588 	-0.244105 	-0.119821 	-0.453659 	-0.120115 	0.100877 	0.093983 	0.032468 	0.013656 	-0.153748 	0.088592 	0.243619 	0.157833 	0.025957 	-0.030385 	-0.043163 	-0.001436 	-0.097681 	-0.137453 	-0.101723 	
-0.173867 	0.198246 	0.195725 	-0.100650 	0.017080 	-0.053663 	0.010641 	0.083402 	0.102858 	-0.204327 	0.299648 	-0.055270 	-0.114238 	-0.061627 	-0.044690 	0.108646 	-0.149791 	0.042256 	0.118493 	0.163960 	-0.126427 	0.062606 	0.140649 	0.121319 	-0.099811 	-0.120172 	-0.205603 	-0.096988 	-0.019626 	-0.295448 	0.238927 	-0.045035 	-0.076603 	0.131944 	0.148218 	0.041083 	0.132325 	0.060506 	0.227294 	0.149659 	-0.162885 	0.064468 	0.061379 	0.095128 	-0.107410 	-0.269046 	-0.163101 	0.065427 	0.183289 	-0.139559 	
0.106109 	-0.122989 	0.184914 	-0.115206 	-0.115765 	0.079730 	0.194471 	0.086899 	0.168441 	-0.214969 	0.191301 	-0.015245 	-0.025692 	-0.127493 	0.096394 	0.106762 	0.033475 	-0.068874 	0.075680 	-0.128550 	0.283220 	-0.140123 	-0.016904 	0.126205 	0.061649 	0.187967 	0.076787 	0.071109 	0.347009 	0.002352 	0.072708 	-0.044040 	-0.108354 	0.016540 	0.170067 	-0.166709 	0.113460 	-0.065299 	0.047898 	0.275040 	0.009424 	0.047233 	0.242626 	-0.253409 	-0.076857 	0.118565 	0.062505 	-0.113010 	-0.196338 	-0.160285 	
0.229075 	0.103994 	-0.205967 	0.061847 	0.077256 	-0.154633 	-0.128659 	0.047830 	-0.114205 	0.337266 	0.260702 	-0.137894 	0.169958 	-0.084202 	0.337946 	0.106787 	-0.062993 	0.117470 	-0.192310 	-0.048149 	0.063032 	0.043462 	0.241468 	-0.124194 	-0.019322 	0.007684 	-0.088936 	0.088418 	-0.180474 	0.141476 	0.034044 	-0.085719 	0.212446 	0.120274 	-0.182117 	0.031807 	-0.184177 	0.030501 	0.010660 	-0.003276 	0.018963 	0.112629 	0.041199 	-0.129970 	0.272475 	-0.055368 	-0.064537 	-0.086336 	-0.044329 	-0.034491 	
0.080805 	0.136030 	0.236443 	-0.096624 	-0.058502 	0.043972 	0.083592 	0.103589 	0.120567 	0.165839 	-0.068495 	-0.129888 	-0.058135 	-0.314610 	0.118707 	-0.011861 	-0.177659 	0.080146 	-0.020198 	0.038686 	-0.000350 	0.039899 	0.109561 	0.058359 	-0.077849 	0.351976 	-0.018927 	-0.082450 	-0.108690 	-0.070719 	0.036945 	0.060914 	0.206317 	0.165385 	0.265366 	-0.016997 	-0.059864 	0.014525 	0.184027 	-0.005466 	-0.165723 	0.005913 	-0.054384 	0.251732 	-0.058459 	-0.004814 	0.405433 	0.046434 	-0.115329 	0.187499 	
0.075092 	0.080013 	-0.039022 	0.146695 	-0.158295 	-0.114602 	-0.004024 	0.116015 	0.038219 	0.278531 	0.143390 	0.230418 	0.111966 	0.095003 	-0.158526 	0.010051 	-0.135781 	0.036470 	0.446318 	-0.089120 	-0.028094 	-0.090601 	0.014875 	-0.111989 	-0.121244 	0.022843 	-0.169904 	0.247906 	-0.257011 	-0.133588 	-0.004190 	-0.101902 	0.032965 	0.291239 	0.152915 	-0.001652 	-0.007185 	-0.070463 	-0.042753 	-0.190232 	0.235707 	0.030171 	0.001146 	0.129546 	0.035234 	-0.018243 	-0.142700 	-0.020978 	0.116224 	-0.061509 	
-0.293434 	-0.081970 	0.019752 	0.119442 	0.029683 	-0.043653 	0.187971 	0.298643 	-0.099648 	-0.012512 	0.036197 	0.213598 	0.038001 	0.264487 	0.015525 	0.371278 	-0.083174 	-0.178259 	0.043095 	0.097685 	-0.050526 	0.042483 	-0.079207 	0.025281 	-0.146460 	0.107347 	0.184843 	-0.244902 	-0.082018 	0.071393 	0.066152 	0.088313 	-0.032003 	0.022329 	0.090111 	-0.050097 	0.083458 	0.005733 	-0.237732 	-0.286116 	-0.191900 	0.084782 	0.123898 	0.103352 	-0.173224 	0.062519 	0.067530 	-0.034493 	-0.035158 	0.133226 	
-0.029104 	-0.096469 	-0.080802 	-0.001665 	-0.056791 	0.273122 	0.025674 	-0.027950 	0.143738 	-0.004185 	-0.092205 	0.053390 	-0.213635 	-0.031812 	-0.098173 	-0.136379 	-0.052945 	0.040451 	-0.037963 	0.198398 	0.185857 	-0.110146 	0.014070 	0.367732 	-0.110116 	0.037247 	0.070801 	-0.133453 	0.154140 	0.079559 	-0.024790 	0.084966 	-0.134698 	-0.204267 	-0.031305 	0.101756 	0.090047 	0.258478 	0.304425 	-0.125549 	-0.336866 	-0.162219 	-0.126684 	0.147176 	-0.064326 	-0.080365 	-0.155154 	0.152371 	-0.036534 	0.065207 	
-0.162424 	-0.196812 	-0.073914 	0.151691 	0.208705 	-0.148549 	-0.069955 	0.094465 	0.057002 	0.156615 	0.126141 	-0.130122 	-0.036477 	-0.027234 	-0.039386 	-0.142088 	0.027737 	0.127668 	0.272753 	0.080085 	-0.118754 	0.345817 	-0.200336 	-0.074951 	-0.079268 	0.073826 	-0.378146 	-0.083025 	-0.119105 	-0.226927 	-0.088542 	-0.057323 	-0.247842 	0.003317 	-0.008633 	0.023244 	-0.007129 	0.130635 	0.231514 	-0.016422 	-0.224688 	0.049055 	0.024650 	0.091605 	0.075981 	0.053148 	-0.074897 	-0.011121 	0.132291 	0.005120 	
0.084109 	0.105383 	0.094352 	0.181069 	-0.064924 	-0.001730 	0.243704 	0.104689 	0.309047 	-0.067058 	-0.065842 	-0.238841 	-0.129172 	0.139590 	0.269243 	0.175451 	0.031134 	0.115886 	-0.118639 	0.012554 	0.124803 	0.140435 	0.141504 	0.240092 	-0.064179 	0.050189 	0.006814 	-0.033048 	0.327004 	0.068142 	0.013516 	-0.109916 	0.053562 	0.012404 	0.073129 	-0.044202 	0.005382 	0.169264 	0.322445 	0.270119 	0.122125 	0.071150 	0.145304 	0.159773 	0.014137 	0.057565 	0.008400 	-0.010972 	-0.061983 	-0.037611 	
-0.143355 	0.005258 	-0.028412 	0.050604 	0.117708 	-0.164775 	0.112530 	-0.063241 	0.194253 	-0.239995 	-0.118260 	0.265689 	0.176917 	-0.018786 	-0.229192 	-0.068603 	-0.013242 	-0.128830 	-0.155109 	0.194883 	-0.194684 	-0.007108 	0.183353 	0.177871 	0.223335 	0.056458 	-0.085951 	0.128162 	-0.072375 	-0.141231 	-0.008979 	-0.058268 	0.156010 	0.016338 	0.085185 	-0.089909 	0.037243 	-0.083431 	0.064737 	0.070474 	0.052459 	-0.171239 	-0.142073 	0.128493 	0.093355 	0.357192 	-0.098155 	0.285556 	0.091229 	-0.002836 	
-0.047585 	-0.022546 	-0.213619 	0.039845 	0.152253 	0.195554 	-0.025643 	-0.180256 	-0.082942 	-0.139157 	-0.022172 	0.179546 	-0.043369 	0.024755 	0.181625 	-0.015211 	-0.238252 	0.070008 	-0.018646 	0.103780 	-0.205724 	-0.045133 	-0.014626 	-0.102771 	-0.111395 	0.089524 	0.064098 	0.219038 	-0.146833 	0.216406 	0.150916 	0.131500 	0.111545 	-0.026965 	0.280774 	0.126620 	0.059371 	-0.127963 	-0.168373 	-0.210312 	0.066978 	0.081009 	-0.052775 	-0.055772 	-0.072538 	-0.139219 	-0.182135 	-0.006441 	-0.069284 	0.414419 	
-0.119826 	0.042645 	0.010614 	0.221605 	-0.279990 	0.066768 	0.192775 	0.104179 	0.081897 	-0.012847 	0.027403 	0.035303 	0.167102 	-0.145409 	0.052877 	0.028385 	0.098853 	0.232340 	0.081915 	-0.004128 	-0.261114 	0.202274 	0.008335 	-0.210294 	0.029668 	-0.025908 	-0.154163 	0.143709 	-0.135135 	0.093783 	-0.254014 	0.098317 	0.012420 	0.050819 	-0.103207 	0.045565 	0.089359 	0.128356 	-0.130380 	-0.038380 	-0.249469 	-0.074693 	-0.147625 	0.224008 	-0.052419 	0.230464 	0.144616 	-0.248542 	-0.109378 	0.149718 	
0.094653 	-0.095185 	-0.054461 	0.365334 	-0.120430 	-0.264274 	0.246539 	0.016665 	-0.015797 	0.144555 	-0.202449 	0.320669 	-0.101917 	-0.055914 	-0.057213 	-0.017983 	-0.076958 	-0.093335 	-0.217284 	0.021384 	0.144242 	-0.123257 	-0.097917 	0.175301 	0.055175 	0.000540 	0.175196 	0.019689 	-0.178488 	0.006635 	-0.120255 	0.119188 	0.048688 	-0.123710 	-0.041787 	-0.062126 	-0.216614 	-0.029862 	-0.257249 	0.047791 	0.022906 	0.086715 	0.001368 	0.160132 	0.029567 	-0.204272 	0.140692 	0.197250 	-0.008352 	0.100705 	
-0.120680 	-0.157317 	0.140392 	0.053380 	0.038714 	0.200517 	-0.064930 	-0.085977 	-0.115248 	-0.035159 	-0.140375 	0.053143 	0.041173 	-0.100348 	0.046426 	-0.060229 	-0.033749 	-0.139063 	-0.153224 	0.219537 	0.079588 	0.206673 	-0.197763 	-0.091337 	-0.065793 	0.067864 	0.043906 	0.347089 	-0.192804 	-0.091844 	-0.140850 	-0.086792 	0.152638 	0.005592 	0.098897 	0.370390 	-0.164723 	-0.046748 	-0.266187 	-0.097327 	0.002330 	-0.042910 	0.195494 	0.167171 	0.016835 	-0.084899 	-0.065049 	-0.210994 	0.121034 	0.135673 	
0.093400 	0.039786 	0.379110 	-0.121466 	0.136598 	-0.142526 	-0.109890 	-0.223991 	0.118360 	-0.031585 	0.149149 	0.144200 	-0.008493 	-0.202774 	0.147142 	-0.215467 	-0.198411 	-0.026022 	0.007152 	-0.263301 	0.005619 	-0.001048 	0.105225 	0.062431 	-0.192174 	0.018394 	0.059909 	-0.139840 	-0.095749 	-0.021305 	0.062793 	-0.023254 	-0.075722 	-0.050914 	0.073603 	0.335808 	0.062438 	0.029404 	0.122304 	0.161105 	0.155148 	-0.270084 	-0.127344 	0.214808 	-0.158902 	0.012533 	0.067185 	-0.026042 	-0.034766 	-0.019237 	
0.063109 	-0.007930 	0.072298 	-0.205228 	0.040600 	-0.135056 	0.046253 	0.068453 	0.016483 	0.079535 	-0.141431 	0.076529 	-0.231490 	0.177839 	0.102015 	-0.312983 	0.117813 	-0.056104 	0.071023 	-0.171705 	0.054677 	0.090640 	0.101235 	0.090289 	0.179726 	0.087110 	-0.195675 	0.016571 	0.076710 	-0.186638 	-0.062083 	-0.432502 	0.121995 	0.000631 	-0.128396 	0.101781 	0.003433 	0.075966 	-0.115568 	-0.044726 	0.004266 	0.056977 	0.366590 	-0.023052 	0.109822 	-0.230855 	-0.007890 	0.001980 	-0.048414 	0.189207 	
-0.053353 	-0.276817 	0.067431 	-0.038922 	-0.221758 	0.092463 	-0.164355 	-0.294182 	0.222974 	-0.271980 	-0.076026 	-0.149041 	0.044725 	0.126552 	-0.046855 	-0.143136 	0.016946 	-0.102618 	-0.198323 	-0.067423 	0.015740 	-0.069876 	0.068175 	0.004723 	0.114265 	0.055632 	0.067303 	0.059125 	0.069108 	-0.067136 	0.036691 	0.111970 	0.074886 	-0.173290 	-0.082516 	-0.008887 	0.220716 	-0.056643 	0.152503 	0.109555 	0.045544 	0.077575 	-0.071771 	-0.003540 	0.459194 	-0.267029 	0.005665 	0.000187 	0.083317 	0.082812 	
0.062276 	-0.202279 	0.001293 	-0.068739 	0.064510 	0.185382 	-0.088688 	0.177581 	-0.149584 	0.139061 	-0.093268 	-0.186759 	-0.221417 	-0.324517 	0.052131 	-0.136527 	0.095284 	-0.064807 	0.124841 	-0.012879 	0.256237 	-0.082173 	-0.189541 	-0.014321 	0.101299 	0.110725 	0.292955 	0.073200 	-0.030603 	0.018706 	0.242733 	0.227866 	-0.100290 	-0.033452 	0.016985 	-0.288207 	0.019582 	-0.019900 	-0.084481 	0.266467 	0.159814 	0.014713 	0.024036 	-0.021627 	-0.090770 	0.170259 	-0.079206 	0.055250 	0.022422 	0.029231 	
-0.222358 	0.065219 	0.111786 	0.033709 	0.196034 	0.019955 	-0.264590 	-0.264740 	-0.125941 	0.209985 	0.171011 	-0.088939 	0.093114 	-0.026829 	0.054928 	0.000726 	-0.122551 	0.021992 	0.102960 	0.093871 	0.040270 	0.004483 	0.061002 	0.025231 	-0.085760 	0.068357 	0.184018 	0.063195 	-0.300654 	0.184828 	0.094547 	-0.077544 	-0.131670 	-0.109121 	0.160243 	0.227238 	-0.133384 	-0.154714 	0.077650 	0.052944 	0.103691 	0.036491 	-0.215907 	-0.275446 	0.100562 	0.168260 	-0.051236 	0.109821 	-0.217287 	-0.148029 	
0.299905 	-0.034268 	-0.057748 	-0.068207 	-0.234799 	-0.203116 	0.003990 	-0.126907 	0.057340 	0.040053 	0.086139 	-0.077433 	0.023802 	-0.190367 	-0.137624 	-0.055501 	-0.105570 	-0.029253 	-0.278792 	0.174897 	0.092325 	-0.134344 	0.035304 	-0.059988 	0.199759 	0.009656 	0.005656 	-0.143554 	0.004519 	-0.089836 	-0.015817 	-0.148770 	-0.230545 	-0.191194 	0.034445 	-0.006929 	0.016339 	0.141082 	0.161705 	0.066339 	-0.114739 	-0.124845 	-0.156230 	0.273451 	-0.334967 	-0.045218 	0.008818 	-0.253301 	0.094504 	-0.106757 	
-0.003077 	0.047345 	0.037815 	-0.130599 	-0.297498 	-0.142727 	0.094108 	-0.102073 	-0.019838 	-0.082605 	-0.095137 	-0.247264 	0.281830 	-0.013450 	-0.159313 	-0.050490 	0.003008 	0.091549 	-0.102495 	0.058859 	-0.182255 	0.004623 	-0.276396 	0.069023 	0.056764 	0.041880 	0.020380 	-0.173229 	0.034263 	0.148010 	-0.163422 	0.090606 	0.021605 	-0.269842 	0.359191 	0.050341 	-0.095049 	0.277798 	0.044757 	-0.077992 	0.039829 	0.005728 	-0.173670 	0.115069 	0.119923 	-0.217428 	0.027773 	0.168376 	-0.023743 	-0.022840 	
-0.126229 	0.018747 	-0.335030 	0.000161 	-0.031892 	-0.059294 	-0.039921 	0.185261 	-0.124681 	0.283333 	-0.062151 	-0.044320 	-0.193823 	-0.003537 	0.175811 	0.162029 	-0.032352 	-0.026216 	-0.208215 	-0.138491 	0.077098 	-0.031391 	0.221148 	0.235668 	-0.142067 	0.068576 	-0.016938 	-0.220707 	0.126547 	-0.094763 	0.259627 	-0.149863 	-0.018223 	-0.042360 	-0.037549 	-0.146810 	-0.114841 	-0.018087 	0.122113 	-0.127220 	0.133967 	0.071946 	-0.062158 	0.231428 	0.144462 	0.073483 	0.228864 	-0.130755 	0.135726 	-0.076341 	
0.060759 	0.240441 	0.041921 	-0.014977 	0.219936 	-0.131679 	-0.208404 	-0.274800 	0.154238 	0.171244 	-0.124541 	-0.172559 	-0.019868 	0.186056 	-0.064945 	0.236770 	-0.207278 	0.274603 	0.022704 	-0.065755 	-0.207872 	0.064643 	0.299824 	0.177676 	-0.097332 	0.082414 	0.103538 	0.028832 	0.079991 	0.092750 	-0.043721 	-0.004118 	-0.085637 	-0.145900 	0.014342 	0.089859 	-0.227992 	-0.127141 	0.057118 	-0.091506 	0.053282 	0.014694 	-0.245395 	0.005201 	-0.032578 	0.105825 	0.092532 	-0.066567 	-0.080166 	-0.098455 	
0.054149 	0.069225 	-0.051806 	-0.149826 	0.137516 	0.227548 	-0.102768 	-0.262263 	0.026165 	0.107690 	-0.049825 	-0.044771 	-0.203305 	-0.135559 	-0.130512 	0.113214 	-0.132050 	-0.008545 	-0.008194 	0.165312 	0.149320 	0.245870 	0.113583 	0.115157 	0.153926 	-0.160660 	0.236613 	0.024147 	-0.322655 	0.195992 	-0.125928 	0.116074 	0.182685 	0.162861 	-0.057407 	0.098893 	0.065084 	-0.031759 	-0.220452 	0.082909 	0.049054 	0.017353 	0.191998 	0.252410 	0.047178 	-0.024145 	0.129790 	0.091718 	0.116553 	-0.020489 	
0.027445 	0.029015 	-0.169090 	0.132682 	0.199461 	0.146274 	0.013095 	0.207052 	0.030704 	-0.001092 	-0.059062 	-0.094012 	0.203442 	0.053077 	0.006175 	-0.286138 	-0.137941 	0.120333 	0.071473 	-0.130691 	0.089357 	-0.025250 	0.049297 	0.024203 	-0.289295 	-0.048877 	0.125529 	0.136224 	-0.122894 	-0.066676 	0.231517 	-0.211466 	0.015814 	-0.223995 	-0.067493 	-0.002607 	0.018639 	0.037723 	0.145076 	-0.031779 	0.106299 	-0.252708 	0.191006 	0.079494 	0.061891 	0.084114 	-0.192510 	-0.010064 	-0.171119 	0.358991 	
0.122418 	-0.096504 	-0.092969 	0.012226 	0.122447 	-0.163410 	0.253768 	-0.168282 	-0.193118 	0.019551 	0.177752 	0.024406 	-0.036411 	0.113814 	-0.056943 	0.135013 	0.337583 	-0.170291 	0.004179 	0.109332 	-0.093888 	0.122712 	0.006701 	0.043399 	-0.065835 	0.015830 	-0.107683 	-0.102726 	0.133529 	0.040063 	-0.137963 	0.173310 	0.086694 	0.143052 	0.105986 	0.112250 	0.024235 	0.099792 	0.074928 	-0.163411 	0.036779 	-0.151318 	0.029208 	-0.131303 	0.207953 	0.310088 	0.286849 	-0.209456 	0.219482 	-0.012578 	
-0.106423 	-0.049017 	0.050919 	-0.057864 	0.061777 	-0.074992 	-0.099664 	-0.106783 	-0.068292 	-0.118211 	-0.120316 	-0.303297 	-0.094684 	0.019191 	0.084897 	-0.066627 	-0.053891 	-0.121386 	-0.035010 	0.189823 	0.071947 	0.000099 	-0.168586 	0.074852 	0.160720 	-0.042138 	0.150046 	-0.117341 	-0.377299 	-0.062356 	-0.109490 	-0.032496 	-0.067385 	0.048190 	0.010957 	-0.069973 	-0.131773 	-0.234970 	-0.031420 	0.041809 	-0.006705 	0.288861 	0.093934 	0.040335 	0.126892 	-0.108058 	-0.156091 	0.269334 	-0.316021 	0.283760 	
0.166326 	0.214728 	-0.338063 	-0.112947 	0.024946 	-0.379985 	0.066565 	-0.139426 	0.032721 	0.004490 	-0.178584 	-0.259427 	0.021417 	-0.082455 	0.167886 	-0.190122 	-0.162752 	0.100632 	0.096653 	-0.119689 	-0.215850 	-0.161305 	0.115459 	-0.058867 	-0.074841 	0.048277 	0.144080 	0.068416 	-0.056948 	-0.075582 	-0.071618 	-0.006785 	0.182214 	-0.013233 	-0.151017 	0.011018 	-0.015752 	-0.023049 	-0.026919 	-0.026312 	-0.040498 	-0.206814 	-0.268788 	0.147213 	0.150472 	0.042215 	-0.032988 	0.184088 	-0.061750 	-0.034509 	
-0.008272 	0.029091 	-0.264114 	-0.033932 	-0.021156 	-0.042923 	0.019380 	0.110940 	0.283634 	-0.176616 	-0.088066 	-0.043181 	-0.058479 	0.050109 	0.296044 	0.041743 	-0.034968 	0.090174 	0.035908 	0.173256 	0.191346 	0.004802 	-0.153757 	0.025867 	-0.187698 	-0.146830 	-0.111375 	-0.126767 	-0.055046 	0.041578 	0.022080 	0.105580 	0.309838 	-0.029049 	0.118668 	0.000372 	-0.115894 	-0.259299 	0.134768 	0.102450 	0.252912 	-0.152380 	-0.118998 	0.135842 	-0.007115 	0.377696 	-0.055077 	-0.069102 	0.052190 	0.008733 	
-0.034472 	-0.234942 	0.198367 	-0.010354 	-0.028479 	0.071890 	0.134607 	-0.129912 	-0.167306 	-0.095826 	-0.320742 	-0.036428 	0.163453 	0.146878 	-0.055373 	0.050812 	0.132539 	0.025230 	0.070336 	0.062811 	-0.209177 	-0.172596 	-0.009271 	-0.138843 	-0.061555 	-0.206500 	0.173280 	0.158701 	-0.128043 	0.351469 	0.079696 	-0.142085 	-0.074334 	0.360689 	-0.043726 	0.231971 	-0.014877 	-0.045162 	-0.043056 	0.089258 	-0.035310 	-0.054274 	0.039622 	-0.039617 	-0.115344 	-0.094252 	0.059437 	0.127493 	0.160079 	-0.037393 	
-0.000605 	0.076529 	-0.074786 	-0.029812 	-0.338914 	0.154193 	-0.008044 	-0.023620 	-0.123666 	-0.212328 	0.042034 	-0.458375 	-0.085622 	-0.136175 	0.016472 	0.042489 	-0.126260 	0.211837 	0.027508 	-0.021195 	0.045935 	0.159187 	-0.147512 	-0.065128 	0.090200 	0.187346 	-0.094364 	-0.081156 	-0.095766 	0.100274 	-0.100759 	-0.064157 	-0.019746 	-0.071849 	-0.167901 	0.056834 	0.138560 	0.187592 	-0.174134 	0.161355 	-0.055056 	0.101400 	0.058124 	0.310539 	-0.013975 	-0.052901 	0.170279 	-0.127070 	0.113438 	0.136580 	
-0.191381 	-0.024111 	-0.071855 	-0.109544 	-0.233602 	-0.351773 	-0.199443 	0.047576 	-0.017721 	-0.009964 	0.170187 	-0.124433 	-0.010499 	0.029056 	0.045014 	-0.220766 	-0.153307 	0.032068 	0.174345 	0.200426 	-0.219994 	-0.222355 	-0.167950 	-0.050262 	0.056130 	-0.202821 	0.221256 	-0.000618 	-0.176573 	0.077843 	0.050196 	0.107319 	0.105717 	-0.011591 	0.097056 	0.124423 	-0.154667 	-0.169689 	0.187007 	0.151969 	-0.138770 	-0.135531 	0.181770 	0.036070 	-0.064801 	0.096069 	0.028416 	-0.042632 	0.081071 	0.137554 	
-0.079500 	-0.018433 	-0.335533 	0.101327 	0.165212 	0.113324 	-0.086707 	-0.015120 	-0.017496 	-0.000852 	-0.130291 	-0.062697 	0.058390 	0.220466 	0.334072 	0.179748 	0.091450 	-0.048123 	-0.097377 	-0.057423 	0.135190 	0.047179 	0.066555 	0.212050 	-0.050038 	-0.028190 	-0.021715 	-0.118381 	-0.196282 	0.040408 	-0.141460 	0.112522 	0.106942 	0.208766 	-0.261433 	0.246682 	0.051317 	-0.029575 	-0.208564 	-0.083324 	-0.107474 	-0.061138 	0.162128 	-0.161355 	0.083994 	0.173884 	-0.183482 	0.011733 	0.207307 	0.040563 	
-0.068699 	-0.074380 	0.047632 	-0.082680 	0.117982 	-0.196739 	0.136853 	0.079729 	0.017760 	0.202209 	-0.264846 	0.081779 	0.025475 	-0.178620 	-0.079224 	-0.014174 	-0.123906 	0.068403 	0.111478 	-0.136777 	-0.071942 	-0.023587 	-0.051069 	-0.094454 	-0.049984 	-0.106221 	-0.040164 	-0.133531 	-0.179344 	-0.056758 	-0.254284 	0.092343 	-0.308640 	-0.144078 	-0.144314 	-0.159582 	0.075784 	-0.042852 	0.140620 	-0.140623 	0.195010 	-0.110886 	-0.052293 	0.154519 	0.266887 	0.289504 	0.058235 	-0.087780 	-0.040114 	0.285513 	
-0.212971 	-0.093335 	0.265982 	-0.097702 	-0.099404 	-0.177406 	0.274186 	0.073296 	-0.233614 	-0.058764 	-0.026374 	-0.040280 	-0.097966 	-0.044879 	-0.146080 	-0.141257 	0.012518 	-0.075721 	0.097850 	-0.071201 	0.046938 	-0.034515 	-0.050063 	-0.130611 	0.330916 	-0.158755 	-0.218159 	-0.052606 	-0.009069 	-0.224972 	0.030606 	0.036493 	-0.122261 	-0.018400 	-0.011397 	0.155786 	0.291411 	-0.033700 	0.014959 	-0.129614 	-0.056727 	-0.007309 	0.081250 	-0.026199 	0.057448 	-0.030612 	0.014639 	0.317041 	-0.013660 	0.300796 	
0.005502 	-0.076421 	-0.250922 	0.023433 	-0.070015 	0.158753 	-0.241927 	0.009109 	0.291463 	-0.292494 	0.121811 	0.106393 	-0.001668 	0.069165 	-0.033948 	0.114379 	0.159545 	-0.126460 	-0.161300 	0.049489 	0.271125 	0.160526 	-0.110179 	0.143842 	0.102247 	0.209128 	-0.281036 	-0.150771 	0.008825 	0.021115 	0.042014 	0.018660 	0.013872 	-0.092654 	-0.093146 	0.060180 	-0.264167 	-0.014168 	0.101415 	0.169651 	0.154797 	-0.037706 	-0.155126 	-0.137943 	0.044198 	-0.007453 	0.245169 	-0.016619 	0.060686 	-0.031312 	
0.099570 	0.071780 	0.119969 	0.042073 	-0.071991 	0.193701 	0.001386 	-0.171294 	-0.166844 	0.083832 	-0.160162 	-0.085993 	0.062592 	0.033429 	0.058383 	-0.184767 	-0.069134 	0.063274 	-0.077009 	0.070981 	0.049248 	0.072378 	0.312475 	-0.039501 	-0.138985 	-0.174583 	0.102091 	-0.102776 	-0.110454 	0.222241 	0.278828 	-0.211704 	0.014795 	0.241934 	0.087863 	0.122561 	0.223377 	0.151578 	0.255978 	0.087434 	-0.161232 	-0.194736 	0.031020 	-0.061725 	0.043656 	-0.005320 	0.089272 	-0.013335 	-0.228599 	0.214740 	
-0.130964 	0.031880 	0.073141 	0.209149 	0.050406 	-0.054374 	-0.063499 	0.147578 	0.202518 	0.064290 	-0.041788 	-0.069614 	-0.170596 	-0.079121 	0.063559 	0.042743 	0.165101 	0.069938 	0.080431 	-0.145585 	-0.288329 	0.161942 	0.125862 	0.113260 	-0.025022 	-0.010276 	-0.033932 	-0.059412 	0.028544 	-0.096769 	-0.028688 	0.219314 	-0.161980 	-0.177576 	-0.331278 	-0.083107 	0.190562 	-0.210474 	0.275852 	-0.126571 	-0.032248 	-0.139091 	-0.086907 	0.181501 	-0.051541 	-0.041664 	0.007464 	-0.063267 	-0.340011 	0.118389 	
-0.123039 	-0.094797 	-0.189350 	-0.009720 	-0.169847 	0.130239 	0.250128 	0.025557 	-0.013219 	0.138225 	-0.223814 	0.060059 	-0.168873 	-0.150107 	-0.075702 	0.075645 	-0.067901 	-0.102985 	0.109982 	-0.166564 	-0.173334 	0.017224 	-0.103717 	0.024669 	0.059414 	0.083372 	-0.226363 	-0.096926 	-0.094203 	0.045966 	0.211565 	-0.102884 	-0.050000 	0.018071 	0.025121 	0.148516 	-0.119843 	-0.173338 	-0.078649 	0.202138 	-0.168250 	0.245799 	0.104176 	-0.155473 	-0.292052 	0.164433 	-0.019070 	-0.108384 	0.232010 	-0.205465 	
0.112713 	-0.043737 	-0.005723 	-0.013313 	-0.211602 	0.032404 	0.074455 	0.246493 	0.289669 	-0.223031 	-0.102462 	0.036745 	-0.010687 	-0.067536 	0.107137 	-0.295162 	-0.203268 	-0.039104 	-0.016611 	0.076991 	-0.139198 	-0.082962 	0.257249 	0.030419 	-0.277198 	-0.041015 	0.187971 	-0.066952 	0.238002 	-0.010361 	0.220842 	-0.085593 	0.032033 	0.005761 	-0.102106 	0.164109 	0.219062 	0.103071 	0.013722 	0.214749 	-0.008417 	0.008076 	-0.058775 	-0.015691 	0.230370 	-0.046804 	0.161309 	0.145613 	-0.027555 	-0.016113 	
0.000475 	-0.318161 	0.072672 	0.000181 	-0.037773 	-0.103377 	-0.161910 	0.027273 	-0.240223 	-0.211740 	0.026305 	-0.030163 	0.116086 	0.234704 	-0.080139 	-0.315598 	-0.060227 	0.022445 	0.053681 	0.027500 	-0.135482 	-0.175262 	-0.031179 	0.127066 	-0.026256 	0.148537 	0.089448 	-0.012148 	0.234189 	0.193317 	-0.102625 	0.267990 	-0.273138 	0.034066 	0.337286 	0.038026 	0.001924 	-0.132729 	0.041362 	-0.172360 	-0.120153 	-0.077021 	0.021398 	0.020074 	-0.073233 	-0.047133 	0.105770 	0.020563 	0.059786 	0.110697 	
-0.068094 	-0.174685 	0.326721 	0.203284 	-0.101819 	0.208881 	0.084580 	0.107037 	-0.130260 	0.137854 	-0.029567 	0.092829 	-0.037294 	-0.019975 	-0.312067 	-0.140984 	0.077419 	0.261296 	-0.096601 	-0.306759 	0.011494 	0.000414 	-0.114178 	-0.060703 	-0.086386 	0.016629 	-0.190605 	0.076830 	-0.062781 	-0.066438 	0.118387 	0.216858 	-0.004598 	-0.000419 	0.101892 	0.137872 	-0.145608 	-0.105617 	-0.114875 	0.124371 	-0.031188 	-0.056220 	0.056372 	0.162198 	0.049648 	0.003186 	0.017184 	-0.155541 	-0.258687 	0.218616 	
-0.079595 	-0.093678 	-0.103280 	-0.077433 	0.073295 	-0.103340 	0.049104 	0.185017 	-0.151525 	0.111675 	-0.036104 	0.215481 	0.221617 	-0.205508 	-0.128665 	0.100417 	-0.263347 	0.195081 	0.239334 	0.103475 	0.191278 	-0.156550 	-0.032782 	0.162560 	0.009947 	0.253726 	-0.013269 	-0.062500 	-0.078741 	0.189088 	0.098978 	-0.216609 	-0.256964 	0.031271 	-0.116312 	-0.132993 	-0.104896 	-0.087404 	-0.058995 	0.229299 	-0.062544 	-0.076745 	-0.055608 	0.116641 	0.051993 	-0.090704 	-0.185939 	-0.085016 	0.156626 	-0.080449 	
-0.146965 	0.056172 	-0.102276 	0.145330 	-0.038183 	0.010570 	-0.018164 	-0.192178 	-0.038777 	0.230346 	0.024394 	0.083305 	0.323108 	0.027773 	0.034791 	0.230494 	-0.115278 	0.036675 	-0.100662 	0.077161 	0.170283 	-0.044464 	0.161797 	-0.075131 	-0.052546 	0.014238 	-0.228321 	-0.051787 	-0.068250 	0.008208 	-0.089194 	0.327487 	-0.345065 	-0.160394 	-0.059539 	0.082891 	-0.022060 	-0.046703 	-0.117697 	-0.062441 	0.083043 	0.011244 	-0.278119 	0.008554 	-0.172425 	0.122000 	-0.155626 	-0.051747 	-0.243780 	-0.144873 	
0.131431 	0.093771 	0.183543 	0.129029 	0.236281 	0.064463 	0.187090 	0.162105 	-0.007582 	-0.249687 	-0.066865 	-0.051685 	-0.161828 	0.205045 	-0.106526 	-0.009541 	-0.020620 	-0.156534 	0.258127 	-0.236859 	-0.021094 	-0.119403 	0.009559 	0.085895 	0.330402 	-0.099363 	-0.040487 	-0.049953 	-0.016703 	0.124379 	0.040174 	0.190348 	-0.192316 	-0.035708 	-0.021734 	0.076716 	0.305055 	0.241890 	-0.020687 	0.072385 	-0.042162 	-0.020486 	0.106680 	-0.128515 	0.134009 	0.070762 	-0.017118 	-0.075811 	0.061549 	-0.204387 	
-0.113207 	-0.028462 	-0.073442 	-0.276562 	0.004432 	0.070046 	-0.270759 	-0.135028 	0.164994 	0.087571 	0.025573 	-0.149159 	0.232292 	0.086267 	-0.100169 	-0.003098 	-0.010029 	0.015924 	0.155257 	0.137298 	-0.280057 	0.055256 	0.043316 	0.170943 	0.083753 	-0.012567 	0.037753 	-0.073211 	-0.088477 	-0.114890 	-0.148893 	-0.160669 	0.035434 	-0.223265 	0.214067 	-0.284694 	-0.188632 	-0.177968 	-0.089434 	-0.201920 	-0.195663 	0.024554 	-0.142058 	0.029161 	0.004213 	-0.107829 	-0.014441 	0.186360 	0.189633 	-0.058819 	
0.117657 	-0.106613 	-0.185529 	-0.081056 	0.147486 	0.002341 	0.063378 	0.286918 	0.024393 	-0.220065 	-0.074969 	-0.168957 	-0.157061 	0.037165 	-0.019493 	0.004273 	-0.033366 	-0.072158 	0.010116 	0.112205 	-0.026678 	-0.109965 	0.186613 	0.150267 	0.028197 	-0.146633 	0.402525 	0.054341 	0.137365 	-0.074660 	0.020614 	-0.016453 	0.055140 	-0.048289 	-0.076750 	0.288820 	-0.115905 	-0.270379 	0.266931 	-0.040369 	-0.057975 	-0.161465 	0.129961 	-0.043396 	-0.105324 	-0.117539 	0.096895 	0.179380 	0.173802 	-0.124267 	
0.082171 	0.017946 	0.118630 	0.162177 	0.004900 	-0.008365 	-0.268259 	-0.165006 	-0.009421 	-0.020993 	0.037044 	0.058040 	-0.041827 	-0.050521 	-0.213282 	-0.060120 	-0.027148 	0.049035 	0.130699 	-0.109775 	-0.095631 	0.273224 	-0.076324 	-0.000060 	0.182748 	-0.127720 	0.176892 	-0.001227 	-0.196034 	-0.190602 	0.005857 	-0.098046 	0.038516 	0.086516 	0.107791 	0.161220 	-0.126269 	0.304875 	-0.247737 	-0.232746 	-0.067191 	0.070932 	0.026791 	0.172430 	0.059901 	-0.368451 	0.223811 	-0.069838 	-0.044295 	-0.000591 	
-0.070922 	0.157647 	-0.010772 	0.290682 	-0.042877 	-0.097684 	-0.060404 	-0.125585 	0.006956 	-0.032864 	-0.162568 	-0.032467 	-0.217128 	-0.118667 	-0.104726 	-0.046049 	-0.213045 	0.119269 	-0.150982 	0.002461 	0.145480 	0.172179 	-0.087625 	-0.079366 	0.136007 	0.074648 	0.014946 	0.018171 	-0.149920 	-0.100276 	0.163001 	0.100222 	-0.430139 	0.013362 	0.005367 	-0.013724 	0.176366 	0.096158 	-0.017299 	-0.211745 	-0.048337 	-0.118972 	-0.115407 	0.108704 	-0.191391 	0.060301 	0.086343 	-0.358811 	0.133756 	-0.062621 	
-0.010398 	-0.036757 	0.011579 	-0.038941 	-0.228794 	-0.186835 	-0.031759 	-0.082580 	-0.260008 	-0.038601 	0.338809 	0.140409 	0.181282 	0.243558 	-0.044070 	-0.065318 	-0.289410 	0.003450 	-0.083631 	0.193943 	0.043403 	-0.015218 	0.264842 	0.020739 	0.062178 	-0.158656 	0.135675 	-0.090250 	0.038229 	0.024239 	0.017703 	-0.123542 	0.027749 	-0.141637 	0.018683 	0.038439 	-0.063381 	-0.149654 	-0.070370 	0.374967 	-0.182238 	0.054948 	-0.048124 	-0.172705 	0.044532 	0.183612 	0.099450 	-0.013043 	-0.009567 	0.129189 	
-0.007452 	-0.010795 	0.329966 	0.131085 	0.066636 	0.085770 	0.052443 	-0.142393 	-0.015396 	0.230161 	-0.180303 	0.005095 	0.114409 	-0.034911 	0.430204 	0.229258 	0.043321 	-0.011897 	-0.180390 	0.136211 	-0.118805 	-0.030498 	0.190767 	0.066819 	-0.055280 	-0.281216 	0.095713 	0.286274 	-0.053431 	-0.023524 	0.207358 	0.107674 	0.030680 	0.116472 	-0.131116 	-0.089827 	-0.110594 	0.083984 	-0.014487 	-0.049445 	0.109573 	0.200166 	-0.150426 	0.024297 	0.029476 	0.044564 	-0.035923 	-0.118674 	-0.071214 	0.026314 	
-0.057372 	-0.008489 	-0.109136 	0.181708 	-0.060917 	-0.050400 	-0.024095 	-0.070328 	0.248311 	0.092480 	0.162848 	-0.055319 	0.195512 	-0.081733 	0.064696 	-0.245890 	0.244255 	-0.159881 	0.094956 	0.162414 	0.059556 	0.022657 	-0.137919 	0.021931 	-0.277861 	-0.211099 	-0.059796 	0.135644 	0.034723 	-0.123507 	-0.137007 	0.070941 	0.020143 	-0.157272 	0.004414 	0.113039 	-0.061452 	-0.499932 	-0.089019 	0.038424 	-0.120587 	0.074908 	-0.176550 	-0.059711 	-0.051663 	0.021440 	0.153223 	0.047452 	-0.099333 	0.087976 	
0.140302 	0.147744 	0.058128 	0.126208 	0.020177 	-0.186056 	-0.023534 	-0.006148 	0.073695 	0.026117 	-0.106224 	-0.173842 	-0.008616 	0.033052 	-0.021545 	0.069679 	0.004879 	0.116065 	0.078750 	-0.079122 	-0.118549 	0.060452 	0.111230 	0.151757 	0.208948 	0.020936 	-0.145805 	0.100335 	-0.016348 	0.190049 	-0.454200 	-0.121329 	0.161577 	-0.245060 	0.002784 	-0.112407 	-0.294897 	0.130541 	0.170383 	0.041515 	-0.040097 	0.017172 	0.067775 	-0.049467 	-0.141657 	0.016879 	0.176762 	-0.175043 	-0.291424 	-0.167015 	
0.136998 	0.114283 	-0.258616 	0.004837 	0.078747 	0.126368 	0.080223 	-0.126340 	0.398198 	0.073578 	-0.231962 	0.127194 	-0.197001 	-0.018287 	-0.134567 	0.031742 	0.049306 	0.084043 	-0.072484 	0.003383 	0.176586 	0.084325 	0.093190 	0.169115 	-0.161361 	0.157960 	-0.315682 	-0.015984 	-0.143005 	-0.049388 	0.228943 	0.020742 	0.062786 	0.129113 	0.115621 	-0.078611 	0.034011 	0.253088 	0.117092 	-0.047387 	-0.062940 	-0.069943 	-0.049464 	-0.150083 	0.070758 	0.102174 	0.111795 	-0.143587 	-0.204082 	-0.046321 	
-0.051083 	-0.180759 	0.138042 	0.065694 	0.155261 	-0.150329 	-0.208875 	0.203612 	0.109767 	-0.098962 	-0.136607 	0.287320 	-0.143314 	-0.103301 	0.154403 	0.056512 	-0.130671 	-0.038608 	-0.050807 	0.011017 	0.130736 	-0.119983 	0.168309 	-0.189648 	-0.245706 	-0.075181 	0.049054 	0.050314 	0.042229 	0.015072 	0.129642 	-0.116080 	0.278959 	-0.164231 	0.206405 	-0.046028 	-0.133258 	0.113909 	0.037673 	0.203888 	0.148559 	-0.071861 	-0.184573 	-0.226498 	0.075232 	-0.205868 	0.076984 	0.130256 	0.023778 	-0.024750 	
0.012683 	-0.109505 	0.199034 	-0.026111 	-0.007321 	0.191281 	0.163540 	-0.270495 	-0.129910 	-0.355098 	-0.039931 	0.245355 	-0.018947 	0.150962 	-0.031899 	-0.084447 	-0.191278 	-0.183349 	0.079237 	0.153651 	0.073110 	0.113080 	-0.033529 	0.046174 	-0.048723 	-0.078005 	-0.011269 	-0.009762 	-0.019776 	-0.183704 	0.160868 	-0.187124 	0.091179 	-0.085803 	0.180978 	-0.276900 	-0.020373 	0.196781 	-0.013719 	0.267174 	0.029326 	0.058322 	-0.053223 	-0.005218 	0.112076 	-0.123896 	0.088774 	0.110277 	-0.214628 	-0.113099 	
